,0,1,2,3,4,5,6,7,8,9,10,11
0,-1.4050955985586755,-2.155141199645572,-1.9582758234036242,-2.2686952318004407,-2.3661217505393006,-2.442469104985118,-2.5131195875973087,-2.7296487486254923,-2.663632284046237,-2.8816058330997567,-3.2123633586812232,-3.295700481887584
1,-1.2938092723081671,-2.095832858158962,-2.021416016030076,-2.2474603993739715,-2.425588868445637,-2.5403854531301935,-2.4917046923204875,-2.610796543643954,-2.5909075838866316,-3.066399070936633,-3.227043392284715,-3.2805248530274644
2,-1.2559603244005855,-2.0960994690240713,-2.0392779410320743,-2.222795109248575,-2.4215337302474707,-2.5155345158738616,-2.509456715723816,-2.6043928722499685,-2.5887767879040657,-3.129019781017309,-3.2326524047834653,-3.2763693521796955
3,-1.2370359820443606,-2.0901398565857647,-2.0532295356439714,-2.211143182657884,-2.429101422026452,-2.504124716662532,-2.5245495336056396,-2.6047155329268774,-2.5679345808158693,-3.159384276873485,-3.2354935291467712,-3.2750168546464256
4,-1.2256814626628745,-2.0868098129980606,-2.0602773821519595,-2.2057829496798282,-2.443194075876618,-2.494546878864242,-2.5073956396779353,-2.601088118541278,-2.578084473675877,-3.1771052766590797,-3.237193342931696,-3.274709589928608
5,-1.2181117822458676,-2.0886669466767924,-2.060194884457589,-2.202702835868891,-2.4318745098516104,-2.487845259196113,-2.5331665502923615,-2.6089145177583433,-2.5586413129924432,-3.188586654322409,-3.238308571675597,-3.2748551782719546
6,-1.212704867663195,-2.0863912915034573,-2.0636128550301978,-2.2006742192057276,-2.4274433227612215,-2.4856948039730784,-2.5311221763043887,-2.5994069876331216,-2.573966503421616,-3.196565748576056,-3.2390831667544626,-3.2752030608255516
7,-1.208649681726258,-2.0838715440668922,-2.0670943862269495,-2.1990457781792503,-2.434894846735596,-2.4751507852537684,-2.538765574303458,-2.6064667914031325,-2.5602514609093814,-3.202401158093031,-3.239642991393393,-3.275634005317108
8,-1.2054956482197507,-2.0851328483749327,-2.06667207433442,-2.1976862512919864,-2.440776324586631,-2.464452283506177,-2.5385143085548756,-2.5970666580097177,-2.57308520183029,-3.206838993835867,-3.2400602557942126,-3.276088155195839
9,-1.2029724214145454,-2.084433304557508,-2.0680651070468263,-2.1965771693569147,-2.432990020937826,-2.4695783942925185,-2.5433026075014156,-2.5989207372934056,-2.567794436228233,-3.210320191394999,-3.2403794190294577,-3.2765351944843837
10,-1.2009079631193769,-2.082582614144997,-2.0704704777709453,-2.1956823001787003,-2.4314722387975074,-2.468664088973908,-2.542663087834422,-2.594240763525718,-2.574475518766747,-3.2131204478592554,-3.240629199055561,-3.2769603035381043
11,-1.1991875812067365,-2.083456324021524,-2.070045301257912,-2.19495027655803,-2.4369434024727834,-2.461017491185158,-2.545679332700104,-2.5922467816736283,-2.574736607436014,-3.2154201248858487,-3.240828788101483,-3.2773569921146435
12,-1.1977318734345024,-2.083427302567353,-2.070449560535809,-2.194335173196642,-2.439146552721852,-2.457127760397058,-2.5454049931665543,-2.5911037381442976,-2.5770857212254645,-3.217341723753211,-3.2409913449152987,-3.277723259590315
13,-1.1964841239154447,-2.0819007183310743,-2.072299272748949,-2.1938064422351107,-2.433678574497452,-2.4610822436502167,-2.547037653124837,-2.5878363502717607,-2.5795869339357695,-3.2189711312901452,-3.2411260789553213,-3.27805948071635
14,-1.195402740998928,-2.0824192972456914,-2.0720628801841636,-2.1933460673057104,-2.433411228390661,-2.46004634144984,-2.5470524574035625,-2.5880831952554857,-2.580067790157563,-3.220370229231409,-3.241239549462053,-3.2783672265878483
15,-1.194456530946976,-2.082753451029941,-2.07197645450413,-2.1929424242297673,-2.4379775352956656,-2.454351245515975,-2.5479568598569684,-2.584915291945493,-2.582969430035651,-3.2215846723012826,-3.241336501558588,-3.2786486064311906
16,-1.193621639724665,-2.081495822233034,-2.07345250471565,-2.192586430719809,-2.438092485268125,-2.453230838243392,-2.5480846379864057,-2.5854350414537324,-2.582894433284823,-3.222648848231774,-3.241420417837557,-3.2789059039210855
17,-1.1928795141937223,-2.081730820902288,-2.0734113153297935,-2.192270335149571,-2.4341719442060907,-2.45626110051023,-2.548638964643474,-2.582817065522594,-2.585463537853867,-3.2235891346936367,-3.2414938893205383,-3.2791413813033663
18,-1.1922155071397207,-2.0822585538064358,-2.0730568360115544,-2.1919876675145313,-2.4346504994632205,-2.4549859222903523,-2.548824004126586,-2.5831939750545474,-2.5853538960414038,-3.2244260937780105,-3.241558869066706,-3.279357179340065
19,-1.1916179007911194,-2.081242211387095,-2.0742291195302647,-2.191733253770674,-2.4385284565170684,-2.45039022787672,-2.549212027140986,-2.581158019173147,-2.5874096820839982,-3.225175985679666,-3.241616848001301,-3.2795552716995737
20,-1.1910772093328608,-2.081248187515064,-2.074364288357519,-2.19150301451828,-2.437358754854179,-2.4509110466846797,-2.5494344223252505,-2.581294665337045,-2.5874191521875516,-3.225851834401732,-3.241668978542844,-3.2797374496113916
21,-1.190585671643535,-2.08186204253743,-2.0738787761517883,-2.1912936768860565,-2.4345838928308825,-2.4530958769847238,-2.549751467183599,-2.579734834453124,-2.588997086841393,-3.226464192710169,-3.2417161622318202,-3.2799053232255044
22,-1.1901368763619768,-2.0810759598153994,-2.0747820417716527,-2.1911025422000066,-2.435549829208905,-2.451591194821384,-2.549999603300002,-2.5796536477204834,-2.5891361638967014,-3.2270217003551487,-3.241759112828555,-3.2800603313783996
23,-1.1897254806872148,-2.0809013953002,-2.075064015013963,-2.1909273443337725,-2.4387613842055553,-2.447885830196064,-2.550292334218981,-2.5784448114331058,-2.590332752824114,-3.2275314979724032,-3.241798402028253,-3.280203755452664
24,-1.189346996666434,-2.0815273961780045,-2.0745368246787894,-2.190766167783139,-2.436853282679991,-2.4493396085633834,-2.5505597347439233,-2.5782005755940856,-2.5905676513143687,-3.2279995381738527,-3.241834492881827,-3.2803367343967484
25,-1.188997626801098,-2.0809618358591075,-2.0751935942239883,-2.1906173899341144,-2.434953141147456,-2.450820376979238,-2.5508486461936286,-2.577237456990097,-2.5914800685227535,-3.2284308224519176,-3.241867764655796,-3.2804602798971536
26,-1.1886741361850457,-2.0806499792606803,-2.075589905234758,-2.1904796312414003,-2.436255165727555,-2.449130045920722,-2.551131063716939,-2.5768839759890065,-2.5917716949043803,-3.2288295837652843,-3.2418985311987565,-3.280575290508478
27,-1.188373752041569,-2.0812361234138623,-2.0750821840587963,-2.1903517114324322,-2.4387496996883273,-2.446274940696663,-2.551423969225774,-2.5760884271106828,-2.5924791476457694,-3.2291994285423824,-3.2419270549777974,-3.28068256482278
28,-1.188094084045918,-2.0808779295899478,-2.0755133925470712,-2.1902326135108847,-2.4365175174886717,-2.448171418447293,-2.551717738258276,-2.575668581354798,-2.5927959091266293,-3.2295434485584584,-3.2419535575643996,-3.2807828131720544
29,-1.1878330605833107,-2.080468533163709,-2.075990935770397,-2.1901214556738346,-2.435297135234456,-2.4490784768717666,-2.5520163066951174,-2.5749865423204965,-2.5933573518406776,-3.229864309584756,-3.241978227742742,-3.280876668185195
30,-1.1875888773440972,-2.0809793075411296,-2.075543911433249,-2.19001746949937,-2.4368327419596594,-2.4472497607062884,-2.5523176447941682,-2.5745316099753417,-2.593677436183302,-3.2301643223951153,-3.242001227771037,-3.28096469406517
31,-1.1873599555573346,-2.080809725583559,-2.07577325900968,-2.1899199825047706,-2.43855596397041,-2.4452517484682006,-2.5526202076066875,-2.5739278600791446,-2.59413470785766,-3.230445499989487,-3.2420226982391447,-3.281047394787065
32,-1.1871449078182543,-2.080339809113639,-2.0762993189735726,-2.1898284037789715,-2.436308947364444,-2.44724062892259,-2.552924619994905,-2.573460097800584,-2.594444682546174,-3.2307096042075822,-3.242042761885503,-3.281125221239723
33,-1.1869425099461792,-2.0807527951294134,-2.07593917392795,-2.189742212002383,-2.4356248359160664,-2.4476817886537,-2.5532271021225283,-2.5729135847464715,-2.594826713327176,-3.2309581836915795,-3.2420615266611024,-3.2811985775226846
34,-1.186751677666794,-2.0807472116086987,-2.0759945789451204,-2.1896609454598517,-2.4373119182088923,-2.4457656375874346,-2.5535286368203662,-2.5724496029069184,-2.595119274629527,-3.2311926052433484,-3.2420790880830013,-3.2812678264797297
35,-1.1865714471807078,-2.0802513350494043,-2.0765375091351164,-2.1895841937301115,-2.438252305452112,-2.4446089076393474,-2.553824460066215,-2.5719501142897485,-2.595445825571185,-3.231414079853505,-3.242095531225472,-3.281333294455643
36,-1.1864009588830586,-2.0805546656213654,-2.076278688748055,-2.1895115907487894,-2.4361959166955653,-2.4464606478753463,-2.5541148069752357,-2.5715040913044054,-2.595717744770507,-3.231623684261671,-3.2421109322491137,-3.281395275517016
37,-1.186239443653707,-2.0806835428826234,-2.076191979028136,-2.1894428089793383,-2.4359412128802522,-2.4465214741483505,-2.554394321385361,-2.5710501535661563,-2.5960022931571096,-3.231822379086522,-3.2421253597362045,-3.281454035149937
38,-1.1860862112566297,-2.080193585323395,-2.0767219416912885,-2.1893775544794423,-2.4377008932883544,-2.444577858638787,-2.5546620249496526,-2.5706363714736504,-2.5962528493044967,-3.2320110241179068,-3.2421388756776626,-3.2815098134535137
39,-1.1859406404794064,-2.0803838177206977,-2.0765697141438713,-2.1893155627034373,-2.437909706838877,-2.444194306738682,-2.5549121961966126,-2.570233643840227,-2.5965046594309333,-3.2321903911676086,-3.2421515364194016,-3.281562827980591
40,-1.185802170715706,-2.080614406911953,-2.0763752759078318,-2.189256594915995,-2.436154978684301,-2.4457828203673833,-2.5551428055070953,-2.5698675529424997,-2.5967345531114066,-3.2323611750944345,-3.242163393297319,-3.281613276195521
41,-1.185670294750277,-2.08015892551823,-2.07686518678264,-2.1892004351185124,-2.436248988328381,-2.4455305111742685,-2.5553484177926697,-2.569526311315327,-2.596960098732827,-3.2325240031298343,-3.242174493350336,-3.2816613376609727
42,-1.185544552550682,-2.0802392397973857,-2.076817700613194,-2.1891468874048297,-2.437993942910379,-2.443634619812836,-2.5555269816048116,-2.569222831682218,-2.5971707486808153,-3.232679442891546,-3.24218487975657,-3.281707175949736
43,-1.1854245259056142,-2.0805376937455238,-2.0765505825878567,-2.189095773678234,-2.437581580588699,-2.4439029061179802,-2.5556747552244947,-2.568952981604013,-2.597374662260248,-3.2328280093227644,-3.242194592295749,-3.2817509403214613
44,-1.185309833778105,-2.0801409725106925,-2.0769772470377927,-2.1890469316728036,-2.436168894772198,-2.4451779192962597,-2.555791404911351,-2.5687214179592592,-2.597567776134371,-3.2329701706493337,-3.2422036677339063,-3.281792767201667
45,-1.185200128264835,-2.0801196882492494,-2.0770271726354417,-2.1890002132328306,-2.4365492438337806,-2.444665883363537,-2.5558764519290498,-2.5685254768941665,-2.5977534701011114,-3.2331063535280054,-3.2422121401236934,-3.2818327815041983
46,-1.1850950910712788,-2.080453227107803,-2.0767210563328486,-2.1889554828115307,-2.4381779699973807,-2.4429110740256106,-2.555932520716454,-2.568363696499394,-2.597930798652841,-3.233236947568936,-3.2422200410703783,-3.2818710977923597
47,-1.184994430427454,-2.0801341997475564,-2.0770663636425852,-2.1889126161577934,-2.4372982415590854,-2.443669972754901,-2.5559626388275154,-2.5682321428954737,-2.5981008670508996,-3.233362309277997,-3.2422274000103926,-3.2819078212912505
48,-1.1848978783813366,-2.080023596540048,-2.0772021741485593,-2.188871499163412,-2.4362250302012387,-2.44462728622875,-2.555971806991206,-2.568125598718262,-2.598264074626549,-3.2334827654398572,-3.2422342443805836,-3.281943048814385
49,-1.1848051884170636,-2.080362422437345,-2.076887547257802,-2.1888320268487877,-2.4368414349456113,-2.443899619515551,-2.5559649439583896,-2.5680391833599594,-2.598420551316932,-3.23359861617681,-3.242240599852544,-3.2819768695557525
50,-1.1847161333533507,-2.0801337067488848,-2.0771395129721424,-2.188794102468062,-2.4382425280193143,-2.4423916276876194,-2.5559475132369958,-2.5679667287306986,-2.5985711566022576,-3.233710137590175,-3.2422464904163313,-3.2820093658224536
51,-1.1846305034843956,-2.079949097290188,-2.077346478224947,-2.1887576367173924,-2.437071499429831,-2.443459869013505,-2.555924248726003,-2.567903852949331,-2.598715681447072,-3.2338175841147647,-3.2422519385753032,-3.2820406136850133
52,-1.1845481049312503,-2.080267833412319,-2.0770492542820325,-2.188722547032763,-2.436314105424754,-2.444118354519637,-2.555899514737643,-2.567845411324766,-2.5988550384219513,-3.233921190581567,-3.242256965465371,-3.2820706835236297
53,-1.1844687581763695,-2.080135115227441,-2.077202687898789,-2.188688756966106,-2.43712297833317,-2.4432142363899847,-2.555876733100129,-2.56778836678819,-2.598988965166686,-3.2340211740810507,-3.2422615909612906,-3.282099640570392
54,-1.1843922967580298,-2.0798940853135788,-2.077463679956101,-2.1886561956291115,-2.438191993502388,-2.4420534394621556,-2.5558586989249497,-2.56772923385659,-2.5991182655506284,-3.234117735574156,-3.2422658337748613,-3.2821275453452543
55,-1.1843185661046312,-2.0801726296724605,-2.077204384806981,-2.1886247971970207,-2.436902032276312,-2.4432548968493832,-2.555847416343421,-2.5676663203244106,-2.5992427330386407,-3.234211061389353,-3.242269711558323,-3.2821544540928755
56,-1.1842474224917023,-2.0801345731075704,-2.0772610151707394,-2.188594500464299,-2.436429245039914,-2.443642285644979,-2.5558443566059847,-2.5675976015167974,-2.599363019050092,-3.2343013244939627,-3.2422732409452246,-3.282180419120555
57,-1.1841787321068058,-2.0798562824597298,-2.077557239141621,-2.188565248446505,-2.4373884642346453,-2.4426006127830826,-2.5558504556116257,-2.567522356953419,-2.5994789994029834,-3.234388685684593,-3.242276437683065,-3.2822054891546797
58,-1.1841123702095326,-2.0800800919322704,-2.077350755082883,-2.1885369880225247,-2.4380513054216557,-2.4418581129687387,-2.5558662907377476,-2.5674395879433836,-2.5995911804620424,-3.2344732946087857,-3.2422793166363264,-3.282229709635425
59,-1.1840482203755018,-2.080128849518817,-2.0773187453963504,-2.188509669612693,-2.4367852006665247,-2.4430472143839115,-2.555892116980091,-2.5673491683821363,-2.599699512717098,-3.23455529074537,-3.242281891893924,-3.2822531229931653
60,-1.1839861738147182,-2.079833287146257,-2.077630506557439,-2.1884832468883877,-2.4365652482110307,-2.4431926881990895,-2.555927971172564,-2.567250749097678,-2.5998043826818638,-3.234634804214607,-3.2422841768002963,-3.282275768869894
61,-1.183926128755895,-2.0799932065585067,-2.0774862633921596,-2.188457676510072,-2.4376286369770956,-2.442057223329388,-2.5559737033340086,-2.567144542696348,-2.599905797120878,-3.2347119565798463,-3.242286184025865,-3.2822976843772267
62,-1.183867989889416,-2.080115492121605,-2.0773791564174005,-2.18843291788978,-2.437858606166038,-2.441757466167299,-2.5560290287198457,-2.567030604546747,-2.6000040503950674,-3.234786861508197,-3.242287925560289,-3.28231890426456
63,-1.183811667862514,-2.0798226049948894,-2.077686747801564,-2.188408932976397,-2.4367145233661223,-2.4428339418680594,-2.5560935438153356,-2.566909354805048,-2.6000991867854824,-3.2348596254351003,-3.2422894128208295,-3.2823394611167798
64,-1.183757078821055,-2.0799144038492567,-2.077609200765951,-2.1883856860603355,-2.436718001594078,-2.442764936759498,-2.556166743430082,-2.5667811295150686,-2.600191432612871,-3.234930348068387,-3.242290656648408,-3.2823593855206052
65,-1.1837041439929739,-2.080092998661124,-2.0774444258995426,-2.188363143596285,-2.437829701134562,-2.4415896960013455,-2.55624802028218,-2.5666465232028424,-2.6002808543425115,-3.234999122983618,-3.2422916673530113,-3.282378706208923
66,-1.1836527893090145,-2.0798216649123074,-2.077729167058134,-2.1883412740415764,-2.4376510714405746,-2.4417066812305706,-2.5563366576365887,-2.5665061259442834,-2.6003676291341264,-3.2350660379989304,-3.242292454742821,-3.2823974502016293
67,-1.1836029450569363,-2.0798454394136177,-2.0777184056310283,-2.1883200477090785,-2.436683424527105,-2.442614496751639,-2.556431813081934,-2.5663607501954186,-2.600451834475939,-3.235131175712528,-3.242293028160925,-3.282415642940061
68,-1.1835545455657879,-2.080060938830821,-2.0775155420974616,-2.1882994366325814,-2.4368839568091634,-2.442355867320467,-2.556532492751873,-2.5662112926888416,-2.6005336122767795,-3.2351946137993166,-3.242293396499396,-3.2824333083775428
69,-1.1835075289172434,-2.0798278297581874,-2.0777609260284846,-2.1882794144440183,-2.437974331314318,-2.4412090555847468,-2.5566375217194843,-2.566058889541326,-2.6006130435645125,-3.235256425415468,-3.2422935682547074,-3.2824504691076046
70,-1.1834618366813345,-2.0797873870445884,-2.0778132978297963,-2.188259956260754,-2.437455458964576,-2.4416730804852307,-2.556745507462247,-2.5659048565861906,-2.6006902448680704,-3.235316679501034,-3.2422935515001035,-3.2824671464558235
71,-1.1834174136742004,-2.0800199648458855,-2.077592317752658,-2.188241038582595,-2.4366859733897654,-2.442389242150907,-2.556854807756736,-2.5657507937602637,-2.6007652960995666,-3.2353754411053415,-3.2422933539712746,-3.282483360556484
72,-1.1833742077357552,-2.079838413935157,-2.0777851486416874,-2.1882226391969746,-2.4370595921002036,-2.4419637604606015,-2.5569635042749717,-2.565598556968121,-2.6008382952462683,-3.235432771615975,-3.2422929830187175,-3.2824991304474684
73,-1.183332169525376,-2.0797407005030966,-2.077893837187777,-2.188204737092035,-2.4380462947619836,-2.4409265965206806,-2.557069400653685,-2.5654503000676665,-2.6009093184551286,-3.235488729057174,-3.242292445692212,-3.282514474135386
74,-1.18329125233394,-2.0799716777909882,-2.0776735423442205,-2.1881873123765603,-2.4372867283104096,-2.4416370473284617,-2.5571700547822265,-2.565308412892011,-2.6009784498504627,-3.2355433682736465,-3.242291748702429,-3.2825294086606798
75,-1.1832514119107003,-2.079850722162224,-2.0778048993003564,-2.188170346206269,-2.436717106208223,-2.4421588463036956,-2.557262868946697,-2.56517545226486,-2.601045760494201,-3.2355967411899793,-3.2422908984807712,-3.282543950180365
76,-1.183212606303648,-2.07970530579096,-2.077960446834636,-2.1881538207156934,-2.437240772769296,-2.4415885987748296,-2.5573452460705277,-2.565053970408571,-2.6011113238449597,-3.235648896963948,-3.2422899011674,-3.282558114003742
77,-1.1831747957121617,-2.0799183640422503,-2.0777572599729477,-2.1881377189556557,-2.4380386299396375,-2.44074535502055,-2.5574148168704443,-2.564946298254245,-2.601175205391497,-3.2356998822005227,-3.242288762637936,-3.282571914653139
78,-1.183137942350839,-2.079862123395585,-2.0778231221006265,-2.188122024835097,-2.437151020994856,-2.4415887264089777,-2.5574697100682875,-2.564854267847902,-2.6012374701292953,-3.2357497410871607,-3.242287488501318,-3.282585365920345
79,-1.1831020103235497,-2.0796806965806125,-2.078013929859588,-2.18810672306755,-2.4367726030623778,-2.441924012723568,-2.5575088181738446,-2.564778951234132,-2.6012981779785247,-3.2357985155703246,-3.242286084161173,-3.2825984809119944
80,-1.183066965506811,-2.0798626594875285,-2.077841116268414,-2.1880917991214317,-2.4374219341584458,-2.441232614988124,-2.557531987304181,-2.5647204674848276,-2.6013573870161917,-3.235846245483985,-3.242284554751267,-3.2826112720779848
81,-1.1830327754416996,-2.0798701692918815,-2.077842532625766,-2.188077239174009,-2.4379601292381916,-2.4406533792846363,-2.557540073157963,-2.564677928408911,-2.6014151518662048,-3.2358929686910525,-3.242282905207632,-3.2826237512663776
82,-1.1829994092335792,-2.079666017239022,-2.0780553957520937,-2.1880630300686974,-2.4370492151026895,-2.4415242417269964,-2.557534837304562,-2.564649541227639,-2.601471524803036,-3.235938721189389,-3.242281140259993,-3.282635929752683
83,-1.1829668374589852,-2.079807217028956,-2.077922699629122,-2.1880491592754137,-2.436848953126283,-2.4416854056219983,-2.557518712069079,-2.5646328439541044,-2.6015265555495666,-3.2359835372403505,-3.242279264431911,-3.2826478182739827
84,-1.1829350320790877,-2.0798727556125707,-2.0778654646261727,-2.188035614853729,-2.437595089580203,-2.4409010910416526,-2.5574944974492437,-2.5646250084015634,-2.601580291413173,-3.2360274494686543,-3.2422772820612087,-3.282659427065973
85,-1.1829039663591878,-2.079660127374559,-2.0780862033383425,-2.1880223854185985,-2.4378332536008345,-2.4406256367578547,-2.5574650644851507,-2.564623136494264,-2.6016327776571666,-3.2360704889620155,-3.2422751973155686,-3.2826707658879344
86,-1.1828736147937682,-2.0797544394952565,-2.0779998152441173,-2.188009460108407,-2.436979541548125,-2.441442915794877,-2.557433118607769,-2.564624497207825,-2.601684057265816,-3.2361126853551476,-3.242273014178987,-3.2826818440461403
87,-1.182843953036654,-2.0798683074673283,-2.0778936912070014,-2.187996828555278,-2.436943162633154,-2.4414436897171212,-2.557401046890127,-2.5646266788244896,-2.601734171482872,-3.236154066916296,-3.242270736488807,-3.2826926704302326
88,-1.1828149578358789,-2.0796616485571318,-2.0781079200311483,-2.187984480857259,-2.437748937203397,-2.4406031102664603,-2.557370845252403,-2.564627662099431,-2.601783159487241,-3.2361946606263507,-3.2422683679159134,-3.282703253522559
89,-1.182786606972899,-2.079706308178966,-2.078070662102952,-2.187972407552551,-2.43768457921747,-2.4406334368137834,-2.5573441073955183,-2.564625830844796,-2.6018310589148634,-3.2362344922461497,-3.2422659119792487,-3.2827136014368254
90,-1.182758879205809,-2.0798559499502187,-2.0779282593507484,-2.1879605995951703,-2.436939155943509,-2.4413455765928402,-2.5573220528776273,-2.5646199441840816,-2.6018779055677723,-3.236273586401804,-3.2422633720648277,-3.2827237219238867
91,-1.182731754216264,-2.07966899847562,-2.078122292474416,-2.1879490483325394,-2.437052514152817,-2.4411996584428874,-2.5573055751576113,-2.5646090881074946,-2.601923733849659,-3.236311966624821,-3.242260751425113,-3.2827336224006842
92,-1.182705212559828,-2.0796643052449086,-2.078133915060677,-2.187937745484141,-2.4378689417345676,-2.4403513711343274,-2.557295295668959,-2.564592621652854,-2.6019685765478804,-3.2363496554358417,-3.242258053167123,-3.2827433099630716
93,-1.182679235619486,-2.0798356144805,-2.0779693877475367,-2.1879266831219035,-2.4375360212385693,-2.4406531097698734,-2.5572916155432384,-2.5645701248730997,-2.6020124651704952,-3.236386674377451,-3.242255280302444,-3.282752791408746
94,-1.1826538055620988,-2.0796804211548214,-2.078131220218349,-2.1879158536514884,-2.4369249723005777,-2.441233633307848,-2.5572947605316547,-2.5645413540922055,-2.6020554298020184,-3.2364230440895754,-3.2422524356971296,-3.282762073243307
95,-1.1826289052975738,-2.079629408220665,-2.078188733982102,-2.1879052497950413,-2.437174255925043,-2.4409544602289235,-2.557304817413834,-2.5645062052717815,-2.602097499353594,-3.236458784335667,-3.2422495221237493,-3.2827711617099755
96,-1.1826045184405647,-2.079808038603856,-2.0780164703907826,-2.1878948645748064,-2.437939921760302,-2.440159521216844,-2.55732176161432,-2.5644646865059784,-2.6021387014782773,-3.2364939140581246,-3.2422465422359172,-3.282780062784142
97,-1.182580629274515,-2.079694024383903,-2.0781367214680935,-2.187884691297842,-2.4374016410824555,-2.4406691261295057,-2.5573454765002284,-2.564416898565675,-2.6021790627542063,-3.236528451418176,-3.242243498587627,-3.282788782202467
98,-1.1825572227178804,-2.079602128581879,-2.0782347281303557,-2.1878747235416243,-2.436934055621452,-2.4411086151337895,-2.557375765021989,-2.5643630233225716,-2.602218608642046,-3.2365624138449363,-3.242240393632904,-3.2827973254715546
99,-1.1825342842923785,-2.079774645488346,-2.0780681998669333,-2.1878649551405283,-2.437305177499251,-2.440709958728313,-2.557412354345088,-2.5643033190054894,-2.6022573636187984,-3.236595818063506,-3.24223722973965,-3.2828056978760327
100,-1.1825118000931243,-2.0797078368501967,-2.0781408785611233,-2.187855380173102,-2.4379519105344856,-2.4400362364037043,-2.557454893965503,-2.5642381221192805,-2.6022953511652798,-3.2366286801416235,-3.242234009165055,-3.2828139044906166
101,-1.182489756760522,-2.079582569745518,-2.0782719006227035,-2.187845992950166,-2.4372886461151078,-2.440673040735285,-2.5575029476679236,-2.5641678554071383,-2.602332593861613,-3.236661015501633,-3.2422307341035705,-3.2828219501894496
102,-1.1824681414537954,-2.0797373275183064,-2.078122786060071,-2.1878367880033958,-2.436963770356977,-2.440971970193925,-2.5575559796444916,-2.5640930417442482,-2.6023691133961604,-3.2366928389783416,-3.242227406649849,-3.2828298396609146
103,-1.1824469418260444,-2.0797198963091317,-2.078145751956146,-2.1878277600748315,-2.437441017602141,-2.4404692756164503,-2.5576133352575847,-2.564014323321669,-2.6024049306341954,-3.2367241648279577,-3.2422240288250856,-3.282837577411989
104,-1.1824261460007268,-2.0795704871086906,-2.0783005904208767,-2.187818904106803,-2.43790639956021,-2.439978931037145,-2.557674217441992,-2.5639324852400467,-2.6024400656370976,-3.2367550067601325,-3.2422206025733473,-3.2828451677788433
105,-1.1824057425494718,-2.0796981868976867,-2.0781782174572307,-2.187810215232509,-2.4371996732185277,-2.440661165750465,-2.5577376607652096,-2.56384848141211,-2.6024745377168914,-3.236785377969204,-3.2422171297648426,-3.28285261493215
106,-1.1823857204711374,-2.0797283744894033,-2.0781532571240287,-2.1878016887670753,-2.4370117957200694,-2.4408250094079933,-2.5578025068914374,-2.563763459091046,-2.602508365457901,-3.236815291166708,-3.242213612196446,-3.2828599228821425
107,-1.1823660691720315,-2.079565340355436,-2.0783214217154233,-2.1877933201991664,-2.437575684265635,-2.44023753209264,-2.557867387686944,-2.5636787757330564,-2.602541566759431,-3.2368447585776488,-3.2422100516040984,-3.28286709550197
108,-1.182346778447221,-2.0796592914872254,-2.078232506904215,-2.187785105182956,-2.437817125532974,-2.4399729348771615,-2.557930725268578,-2.563595998938887,-2.602574158863154,-3.236873791996689,-3.24220644964871,-3.2828741365136316
109,-1.1823278384628617,-2.0797317329093774,-2.0781650102331906,-2.187777039530684,-2.4371347731333683,-2.440632552345632,-2.5579907610696946,-2.5635168773657666,-2.602606158382505,-3.236902402777657,-3.2422028079436225,-3.282881049506874
110,-1.1823092397394817,-2.079566334464443,-2.078335264334636,-2.187769119205473,-2.437076061682513,-2.440668938503894,-2.558045626679845,-2.563443269871085,-2.602637581334668,-3.2369306018766593,-3.242199128025209,-3.282887837942275
111,-1.1822909731361622,-2.079622487543619,-2.07828388020382,-2.187761340314649,-2.437700431897504,-2.440022641662099,-2.5580934651616714,-2.563377024181689,-2.6026684431618934,-3.2369583998523503,-3.242195411388051,-3.28289450515769
112,-1.1822730298355564,-2.079728887662586,-2.0781821646270484,-2.1877536991032844,-2.437703900154801,-2.4399976348599846,-2.558132600324393,-2.5633198076019847,-2.602698758762961,-3.2369858068990656,-3.242191659463731,-3.2829010543664756
113,-1.1822554013296978,-2.0795724505101227,-2.0783432041367584,-2.187746191948285,-2.437092726642906,-2.4405876476963115,-2.558161733404234,-2.5632729103235867,-2.602728542510566,-3.2370128328536127,-3.2421878736288114,-3.282907488678548
114,-1.18223807940655,-2.0795892851700732,-2.078330891793052,-2.1877388153524926,-2.4371546228571552,-2.4405049588181753,-2.5581801274442735,-2.5632370610271,-2.60275780828075,-3.2370394872119834,-3.242184055214255,-3.2829138110891325
115,-1.1822210561372495,-2.0797193463795787,-2.078205274928828,-2.187731565939396,-2.4378035654556465,-2.439835582049971,-2.558187730203439,-2.563212303964762,-2.6027865694678765,-3.237065779149294,-3.242180205498235,-3.282920024492863
116,-1.1822043238640054,-2.079582470885705,-2.0783465187962626,-2.1877244404478757,-2.437585020349916,-2.440034042288191,-2.55818519631803,-2.563197976782402,-2.6028148390115655,-3.237091717528656,-3.2421763257065424,-3.2829261316819767
117,-1.1821878751886128,-2.079560810251559,-2.0783724737637495,-2.187717435727406,-2.437071806710884,-2.4405275114809553,-2.5581737985707527,-2.563192799243243,-2.6028426294096687,-3.237117310913903,-3.242172417040634,-3.2829321353621848
118,-1.1821717029615464,-2.0797032763040835,-2.078234229870899,-2.1877105487333215,-2.4372454616011923,-2.4403344439840646,-2.5581552531702063,-2.5631950479329277,-2.6028699527429477,-3.2371425675877012,-3.242168480635307,-3.2829380381403817
119,-1.1821558002715977,-2.079595006421644,-2.078346651543676,-2.187703776522491,-2.437871855561525,-2.439688960960382,-2.5581315071341852,-2.5632027688705787,-2.6028968206868375,-3.2371674955608114,-3.242164517593616,-3.28294384253717
120,-1.182140160436028,-2.079537804791996,-2.078407936339019,-2.1876971162490166,-2.4374733756548617,-2.4400686673254444,-2.558104537472476,-2.5632139783112424,-2.6029232445328514,-3.237192102579417,-3.242160528976875,-3.2829495509966913
121,-1.1821247769912058,-2.0796814756979116,-2.078268281661655,-2.1876905651603433,-2.4370701792426614,-2.4404533979590997,-2.55807619606528,-2.5632268178617705,-2.602949235200705,-3.2372163961446674,-3.2421565158108603,-3.2829551658718623
122,-1.1821096436836975,-2.07960853501662,-2.0783451732669764,-2.1876841205934405,-2.4373461906385567,-2.440159221041219,-2.5580481125349928,-2.56323965159802,-2.602974803256363,-3.237240383512592,-3.242152479071167,-3.2829606894485526
123,-1.1820947544617941,-2.079520655308131,-2.078436940174918,-2.1876777799711715,-2.437894718007013,-2.4395928211430133,-2.558021650330426,-2.56325110997291,-2.6029999589239066,-3.2372640717171097,-3.2421484197202246,-3.282966123938205
124,-1.1820801034674413,-2.079655249045608,-2.078306171441707,-2.187671540798856,-2.43737634411548,-2.4400936084653453,-2.557997902488011,-2.563260094047082,-2.6030247121006522,-3.23728746756083,-3.2421443386645583,-3.2829714714739806
125,-1.1820656850285547,-2.0796214621247286,-2.0783437226524994,-2.18766540066103,-2.437086089982779,-2.440366555180647,-2.557977712014504,-2.5632657550976568,-2.603049072370063,-3.2373105776444637,-3.2421402367882575,-3.2829767341276335
126,-1.1820514936516975,-2.0795094324422054,-2.078459457344773,-2.187659357218282,-2.437453611229489,-2.4399819990743614,-2.557961704326265,-2.56326746217279,-2.6030730490131813,-3.237333408357056,-3.24213611494032,-3.2829819139058376
127,-1.1820375240151035,-2.0796262166013406,-2.078346320304604,-2.18765340820434,-2.4378697773627858,-2.439549064251046,-2.5579503229832623,-2.5632647663500823,-2.6030966510211813,-3.23735596590161,-3.242131973939393,-3.2829870127495275
128,-1.182023770962023,-2.0796322112726573,-2.0783439162077726,-2.187647551423151,-2.4372972962162027,-2.4401050366874233,-2.557943863427006,-2.5632573669910603,-2.603119887106593,-3.237378256277114,-3.2421278145697996,-3.2829920325393167
129,-1.1820102294943742,-2.079503930504818,-2.078475732310499,-2.187641784746295,-2.4371179277406636,-2.440268150432836,-2.5579425020220588,-2.563245082694901,-2.603142765713791,-3.2374002853220545,-3.2421236375987177,-3.2829969751020744
130,-1.1819968947666895,-2.0795961054061745,-2.0783870387694545,-2.187636106110297,-2.437563095643948,-2.4398069759633914,-2.5579463193255982,-2.5632278280215917,-2.603165295028996,-3.2374220586880367,-3.2421194437453975,-3.283001842207113
131,-1.1819837620803335,-2.07963934601941,-2.0783472267686447,-2.1876305135142586,-2.437805212961426,-2.439549094603311,-2.557955317435781,-2.5632055961377467,-2.6031874829911836,-3.2374435818659193,-3.242115233732221,-3.28300663556854
132,-1.181970826877983,-2.0795037010212334,-2.0784862488211595,-2.187625005017395,-2.4372371665907555,-2.4401016139848153,-2.5579694316734907,-2.5631784471308436,-2.603209337299692,-3.237464860184125,-3.2421110082250935,-3.283011356850233
133,-1.1819580847383537,-2.079566565588867,-2.0784267109040675,-2.1876195787369164,-2.4371642111411895,-2.4401592741911884,-2.55798853697829,-2.5631465016055954,-2.603230865424637,-3.237485898820047,-3.2421067678880258,-3.283016007664316
134,-1.1819455313711638,-2.079641712926019,-2.07835484093374,-2.1876142328457595,-2.437667862978808,-2.439640553706664,-2.5580124493514975,-2.563109939237465,-2.603252074614294,-3.237506702791887,-3.242102513344839,-3.283020589575775
135,-1.1819331626123148,-2.0795080787273235,-2.0784917043027007,-2.187608965570662,-2.437716075672703,-2.439577493963497,-2.558040922591957,-2.563069002031381,-2.6032729719043664,-3.23752727698842,-3.242098245209578,-3.283025104107936
136,-1.1819209744192885,-2.0795390381828676,-2.0784639268762506,-2.1876037751900816,-2.43719558625445,-2.440083353077757,-2.5580736404827493,-2.563024002130966,-2.6032935641240313,-3.237547626149366,-3.242093964059027,-3.2830295527336646
137,-1.1819089628667405,-2.079638580875746,-2.0783675200961005,-2.1875986600324238,-2.437223516772153,-2.440041004289438,-2.5581102046050193,-2.562975333998571,-2.6033138579061785,-3.237567754884714,-3.2420896704673257,-3.2830339368884296
138,-1.1818971241422869,-2.0795162018976274,-2.0784929898659055,-2.1875936184741493,-2.4377585162418334,-2.439491794006365,-2.5581501181453445,-2.562923490607087,-2.6033338596910016,-3.237587667678823,-3.2420853649699612,-3.283038257958845
139,-1.1818854545424684,-2.079514680165074,-2.078497558235978,-2.1875886489381413,-2.437617906021266,-2.439618396425107,-2.5581927665480944,-2.5628690827792164,-2.6033535757364796,-3.2376073688926024,-3.2420810480962623,-3.283042517301084
140,-1.1818739504688884,-2.0796297421483514,-2.0783854996754925,-2.187583749891996,-2.4371715770940363,-2.4400509162428246,-2.5582373967882663,-2.562812859914742,-2.6033730121215033,-3.2376268627635314,-3.2420767203427507,-3.283046716225422
141,-1.1818626084245138,-2.079527031703702,-2.078491171241204,-2.1875789198465068,-2.437294345085264,-2.43991453363644,-2.558283098529336,-2.562755728825626,-2.6033921747548394,-3.23764615341948,-3.242072382202353,-3.2830508560125424
142,-1.1818514250101306,-2.079494337645198,-2.0785267850064986,-2.1875741573541023,-2.437823732950606,-2.4393717215702315,-2.55832879253091,-2.5626987653270006,-2.6034110693789527,-3.2376652448700214,-3.2420680341349954,-3.2830549378989184
143,-1.1818403969209468,-2.0796155429253966,-2.0784084588816105,-2.1875694610074223,-2.437522557642162,-2.4396596591249584,-2.5583732341096517,-2.5626432107717876,-2.603429701578099,-3.2376841410261816,-3.2420636765983795,-3.283058963093202
144,-1.1818295209433383,-2.079539377661601,-2.0784874635882216,-2.1875648294379326,-2.437163938689797,-2.440005222913356,-2.5584150414443134,-2.5625904437434297,-2.6034480767811305,-3.237702845690673,-3.2420593100200024,-3.2830629327671135
145,-1.1818187939517242,-2.079478551746758,-2.0785510900494013,-2.187560261314618,-2.4373749021524516,-2.4397813831246693,-2.5584527584296723,-2.5625419171968162,-2.603466200269416,-3.2377213625674304,-3.242054934820206,-3.283066848060227
146,-1.1818082129055745,-2.0795968284112862,-2.0784355758285358,-2.1875557553426277,-2.4378531950058178,-2.439290389133424,-2.5584849575107165,-2.562499055623793,-2.6034840771791696,-3.2377396952631297,-3.2420505513915763,-3.2830707100868843
147,-1.1817977748465345,-2.079551937818161,-2.078483191535015,-2.1875513102621507,-2.4374373565507703,-2.4396936980874027,-2.5585103778233496,-2.5624631169065157,-2.603501712509528,-3.2377578472912187,-3.242046160131751,-3.283074519924
148,-1.18178747689567,-2.0794675818896087,-2.078570235998212,-2.187546924847183,-2.4371714446985324,-2.43994724861996,-2.5585280791869778,-2.562435038325338,-2.603519111123473,-3.2377758220758106,-3.2420417614012806,-3.2830782786202852
149,-1.1817773162508167,-2.0795748140239567,-2.0784656565513875,-2.1875425979044167,-2.437462760645464,-2.439643736170807,-2.5585375785030404,-2.562415300154062,-2.6035362777566236,-3.237793622956187,-3.2420373555643764,-3.283081987202985
150,-1.181767290184041,-2.079563362173213,-2.078479725954718,-2.187538328272147,-2.437842334165117,-2.4392521276920083,-2.5585389307487105,-2.562403844667771,-2.6035532170163327,-3.237811253185054,-3.2420329429627115,-3.2830856466645115
151,-1.1817573960391967,-2.0794614347242244,-2.0785842365148115,-2.1875341148192624,-2.4373660503268395,-2.439716534925946,-2.558532728220055,-2.5624000768924784,-2.603569933391784,-3.237828715932736,-3.2420285239248634,-3.2830892579753574
152,-1.1817476312295792,-2.0795509159927246,-2.0784973045912496,-2.187529956444179,-2.437192925702492,-2.4398779381957096,-2.55852001641865,-2.5624029487214366,-2.6035864312519412,-3.2378460142933814,-3.242024098766643,-3.283092822079119
153,-1.1817379932356706,-2.0795723444306216,-2.078478392389917,-2.1875258520739713,-2.4375543648173896,-2.4395049299515668,-2.558502150948994,-2.5624111020099396,-2.6036027148545533,-3.2378631512816054,-3.242019667796638,-3.2830963398962685
154,-1.1817284796029741,-2.0794598913702913,-2.078593329219245,-2.1875218006633785,-2.437795481475716,-2.439252393443134,-2.55848063406734,-2.5624230320293466,-2.6036187883459325,-3.237880129842213,-3.2420152313030703,-3.2830998123214905
155,-1.1817190879399273,-2.0795265816548536,-2.0785290908604925,-2.1875178011939465,-2.4373100839805844,-2.439726517496374,-2.5584569670582042,-2.562437235084393,-2.6036346557670718,-3.237896952846564,-3.242010789573663,-3.2831032402297113
156,-1.1817098159159005,-2.079577739280096,-2.0784803539263423,-2.1875138526731686,-2.437227281055834,-2.439798190590023,-2.558432540705295,-2.562452318043218,-2.603650321055353,-3.2379136230971874,-3.2420063428749972,-3.2831066244675777
157,-1.1817006612592662,-2.079462529607236,-2.0785979536486248,-2.187509954133671,-2.4376444041895478,-2.4393700785091395,-2.5584085699018426,-2.5624670637233526,-2.603665788048863,-3.2379301433301815,-3.242001891466568,-3.2831099658688587
158,-1.1816916217555455,-2.0795031509932747,-2.078559692248492,-2.187506104632404,-2.437724065013771,-2.4392795669635374,-2.558386066798524,-2.562480457742643,-2.6036810604891545,-3.2379465162138183,-3.2419974355967067,-3.2831132652408423
159,-1.1816826952456216,-2.079578690640053,-2.078486483087795,-2.1875023032499015,-2.4372696001749117,-2.4397233167149848,-2.558365841621808,-2.5624916876990547,-2.6036961420235376,-3.23796274435767,-3.241992975505744,-3.283116523369279
160,-1.1816738796240194,-2.0794687409309116,-2.0785987343328864,-2.187498549089551,-2.4372734376356853,-2.439708897273567,-2.5583485200148908,-2.562500125827177,-2.6037110362102336,-3.237978830308512,-3.241988511414984,-3.283119741023425
161,-1.181665172837252,-2.0794817641870913,-2.0785879841986317,-2.1874948412768545,-2.4377252886775724,-2.439246594892645,-2.5583345679878335,-2.5625053040483787,-2.603725746517576,-3.2379947765533683,-3.241984043554825,-3.2831229189552062
162,-1.1816565728822241,-2.079574744619144,-2.0784972489974356,-2.1874911789587883,-2.437641398674829,-2.4393201617937477,-2.5583243184399844,-2.562506887444253,-2.6037402763306514,-3.2380105855248766,-3.24197957212623,-3.283126057891723
163,-1.1816480778046963,-2.079477745087335,-2.07859646637924,-2.1874875613031475,-2.437244083344202,-2.4397072799141393,-2.5583179957069393,-2.562504649710142,-2.603754628950574,-3.238026259597946,-3.2419750973350734,-3.2831291585503184
164,-1.1816396856978055,-2.0794633143107033,-2.078613088122831,-2.1874839874978638,-2.437330255029528,-2.4396110346211417,-2.558315736367925,-2.562498452345073,-2.60376880759976,-3.2380418010937486,-3.2419706193735855,-3.2831322216249
165,-1.1816313947006363,-2.0795659162248787,-2.078512650778424,-2.1874804567504817,-2.4377873842696474,-2.4391439531421355,-2.558317605650808,-2.562488228246512,-2.603782815421591,-3.2380572122810096,-3.24196613842492,-3.2831352477949824
166,-1.181623202996846,-2.0794886070256253,-2.0785920986244557,-2.187476968287498,-2.437558442979329,-2.4393630613820383,-2.5583236093700905,-2.562473969768954,-2.6037966554852616,-3.2380724953795386,-3.241961654662757,-3.2831382377237732
167,-1.181615108813339,-2.0794484349315914,-2.0786343839051895,-2.187473521353831,-2.437232733123821,-2.4396790552472476,-2.5583337015870136,-2.5624557210647403,-2.6038103307861973,-3.238087652557683,-3.2419571682570116,-3.2831411920577103
168,-1.1816071104189863,-2.0795526867795218,-2.0785322202358305,-2.1874701152122817,-2.4373963608348648,-2.439505826528048,-2.5583477882375907,-2.562433574453446,-2.603823844249136,-3.238102685938041,-3.241952679365841,-3.2831441114296114
169,-1.1815992061233904,-2.0795002631261985,-2.0785867075009223,-2.187466749142991,-2.437821009376722,-2.4390716899310583,-2.5583657269305258,-2.562407670622588,-2.6038371987301208,-3.238117597595975,-3.2419481881463548,-3.2831469964559807
170,-1.1815913942756964,-2.079437509542807,-2.078651500560266,-2.1874634224429257,-2.437482416209987,-2.4394009060141135,-2.5583873230438674,-2.562378202530934,-2.6038503970185403,-3.2381323895624985,-3.241943694739142,-3.2831498477389114
171,-1.1815836732634404,-2.0795359287079678,-2.0785550971562152,-2.187460134425431,-2.437234663572735,-2.4396393906034786,-2.5584123222034783,-2.562345422927801,-2.6038634418382487,-3.2381470638267955,-3.2419391992882214,-3.2831526658675534
172,-1.181576041511442,-2.0795115644909545,-2.0785814538307483,-2.187456884419689,-2.4374698856491634,-2.4393950076243383,-2.5584403992701734,-2.562309655364642,-2.6038763358511274,-3.238161622330557,-3.24193470192256,-3.2831554514170276
173,-1.1815684974807308,-2.0794306912743648,-2.078664296603053,-2.1874536717703332,-2.437820352887133,-2.4390354847812783,-2.5584711441727657,-2.562271308362394,-2.603889081656646,-3.2381760669770827,-3.24193020277141,-3.283158204946639
174,-1.1815610396675134,-2.0795167768758445,-2.07858015804808,-2.1874504958369787,-2.4374172997521772,-2.439429585803839,-2.558504045400623,-2.5622308919157573,-2.603901681796059,-3.2381903996305454,-3.241925701948381,-3.283160927009446
175,-1.1815536666021735,-2.079521343886452,-2.07857751595845,-2.1874473559937715,-2.4372489963436257,-2.43958903882852,-2.558538472833859,-2.562189034664006,-2.6039141387517954,-3.238204622114269,-3.24192119956713,-3.2831636181399615
176,-1.1815463768483065,-2.0794279246682,-2.078672838347154,-2.187444251629017,-2.43754806268612,-2.439281222106517,-2.558573662939387,-2.5621464986926674,-2.603926454951393,-3.238218736216762,-3.241916695736903,-3.283166278860961
177,-1.181539169001786,-2.079496479553122,-2.0786061652487473,-2.1874411821447675,-2.437786952535253,-2.4390336801966996,-2.5586087111946174,-2.5621041871097527,-2.6039386327661425,-3.2382327436868983,-3.241912190558859,-3.2831689096865886
178,-1.1815320416898638,-2.079528508227043,-2.0785759973357956,-2.1874381469564264,-2.4373648786183733,-2.439447198724039,-2.5586425786048133,-2.562063137525954,-2.6039506745165197,-3.2382466462395088,-3.2419076841243246,-3.2831715111189386
179,-1.1815249935702963,-2.079428964848177,-2.0786773808005123,-2.1874351454924015,-2.437274887385962,-2.43952872962668,-2.5586741205626504,-2.562024493196948,-2.603962582469155,-3.2382604455538204,-3.241903176529347,-3.2831740836444845
180,-1.1815180233305027,-2.079476261693588,-2.07863190370851,-2.187432177193725,-2.4376266911426625,-2.4391685590245875,-2.5587021455762193,-2.5619894442910645,-2.603974358842579,-3.2382741432757727,-3.2418986678571495,-3.283176627745144
181,-1.181511129686751,-2.0795321497115804,-2.0785778154466388,-2.187429241513721,-2.437729325827801,-2.4390576494373595,-2.5587255068175154,-2.561959136343146,-2.603986005805016,-3.2382877410169093,-3.2418941581872556,-3.2831791438877787
182,-1.1815043113833683,-2.079433392503485,-2.078678352741386,-2.187426337917646,-2.437325640641709,-2.439453150157467,-2.55874322003712,-2.5619345523370347,-2.6039975254785306,-3.2383012403578353,-3.2418896475944297,-3.2831816325331276
183,-1.1814975671919787,-2.0794572217145744,-2.078656284268178,-2.187423465882401,-2.4373115053086303,-2.439459189986174,-2.5587545888957623,-2.5619163873746054,-2.6040089199379053,-3.2383146428500935,-3.241885136147792,-3.2831840941266894
184,-1.1814908959107664,-2.079531657681688,-2.0785835900039427,-2.187420624896186,-2.4376996054090507,-2.439063081900365,-2.558759308566392,-2.561904945071467,-2.6040201912142904,-3.2383279500122693,-3.2418806239093776,-3.283186529107637
185,-1.1814842963637606,-2.079440625674886,-2.078676344985635,-2.187417814458209,-2.437658886480235,-2.4390958789511124,-2.5587575177792776,-2.5619000855126,-2.6040313412938088,-3.2383411633341694,-3.241876110943637,-3.2831889379073456
186,-1.1814777674001453,-2.079440268261761,-2.0786784069461164,-2.187415034078386,-2.4372993839002524,-2.4394475443790937,-2.5587497820090936,-2.5619012420633474,-2.604042372121338,-3.2383542842764848,-3.2418715973041063,-3.283191320944054
187,-1.1814713078935897,-2.0795268048891726,-2.07859355673258,-2.1874122832770815,-2.4373579633691382,-2.439381211132078,-2.5587370119411688,-2.561907502903485,-2.604053285599564,-3.238367314273439,-3.2418670830442236,-3.2831936786290257
188,-1.1814649167416007,-2.0794499315618,-2.078672098628176,-2.187409561584779,-2.437758627725231,-2.438972875048392,-2.5587203409565094,-2.561917733541185,-2.604064083591313,-3.238380254731425,-3.2418625682120323,-3.2831960113657166
189,-1.1814585928648962,-2.079426092170133,-2.07869758902419,-2.187406868541874,-2.437585799076575,-2.439138112724495,-2.558700993640413,-2.561930708303412,-2.6040747679199514,-3.2383931070290948,-3.241858052846571,-3.2831983195472825
190,-1.1814523352067954,-2.0795177823637343,-2.0786075325469238,-2.1874042036983647,-2.4372855808117517,-2.4394308195034236,-2.558680172467015,-2.5619452236512634,-2.604085340370918,-3.238405872519614,-3.241853536989556,-3.2832006035601315
191,-1.1814461427326335,-2.079460443535775,-2.0786664880733405,-2.187401566613643,-2.437413193115441,-2.43929577395845,-2.5586589774174997,-2.5619601785610313,-2.6040958026919756,-3.2384185525323157,-3.241849020675847,-3.2832028637798008
192,-1.1814400144291883,-2.079415163394338,-2.0787133681598844,-2.187398956856223,-2.4377948693156086,-2.4389067415454813,-2.5586383607459777,-2.5619746197573683,-2.6041061565953356,-3.2384311483724626,-3.2418445039352637,-3.283205100578027
193,-1.1814339493041288,-2.0795051693457034,-2.0786249456593526,-2.1873963740035216,-2.437517161649832,-2.439177168835615,-2.5586191109421157,-2.5619877577506958,-2.60411640375731,-3.2384436613195007,-3.2418399868005756,-3.283207314316821
194,-1.1814279463854807,-2.079471189993631,-2.078660492221734,-2.187393817641616,-2.4372835792954017,-2.439403545484962,-2.558601856821174,-2.5619989627462516,-2.604126545820287,-3.2384560926296846,-3.241835469293225,-3.2832095053489194
195,-1.1814220047211041,-2.0794077421157,-2.078725491318032,-2.187391287365046,-2.437475734642803,-2.439204257960075,-2.5585870830934905,-2.5620077490745237,-2.6041365843927626,-3.2384684435404156,-3.241830951435274,-3.2832116740246855
196,-1.1814161233781932,-2.0794898445101127,-2.0786449243935725,-2.187388782776553,-2.437801871820126,-2.438871061013204,-2.5585751507832346,-2.5620137547710375,-2.6041465210509203,-3.2384807152616575,-3.2418264332412567,-3.2832138206825863
197,-1.1814103014427868,-2.079481141838238,-2.0786551470256103,-2.187386303486938,-2.4374571257075948,-2.4392088186669074,-2.5585663181514433,-2.5620167206538937,-2.6041563573387165,-3.238492908985194,-3.2418219147292713,-3.2832159456570404
198,-1.181404538019294,-2.0794038953653415,-2.078733898182687,-2.187383849114801,-2.437292702913947,-2.439366323237556,-2.558560759638253,-2.56201647138053,-2.6041660947693694,-3.2385050258804857,-3.241817395903584,-3.2832180492752276
199,-1.181398832230036,-2.079472862151854,-2.078666421033512,-2.187381419286388,-2.437543410672181,-2.4391087664384985,-2.558558581643743,-2.56201289966626,-2.6041757348256453,-3.238517067096199,-3.241812876779795,-3.28322013185752
